timestamp,hostname,processor,cpu_count,power_method,board_size,num_positions,iterations,trial_num,total_latency_ms,total_power_mw,total_energy_uj,tree_size,selection_latency_ms,selection_power_mw,selection_energy_uj,selection_percent,expansion_latency_ms,expansion_power_mw,expansion_energy_uj,expansion_percent,simulation_latency_ms,simulation_power_mw,simulation_energy_uj,simulation_percent,backpropagation_latency_ms,backpropagation_power_mw,backpropagation_energy_uj,backpropagation_percent
2025-11-12 19:11:32,smc4,Intel(R) Xeon(R) Platinum 8462Y+,4,psutil,2,4,200,1,0.076267,323754.452122,24691.780800,65,0.026610,112959.811858,8615.105971,34.890582,0.019263,81771.696949,6236.482011,25.257320,0.012965,55036.601305,4197.476472,16.999489,0.003490,14815.097459,1129.903038,4.576029
2025-11-12 19:11:32,smc4,Intel(R) Xeon(R) Platinum 8462Y+,4,psutil,2,4,200,2,0.075353,312839.536581,23573.397600,65,0.026226,108881.261348,8204.529686,34.804188,0.019384,80475.648973,6064.081577,25.724258,0.012367,51343.497258,3868.886549,16.412087,0.003473,14418.692163,1086.491711,4.608974
2025-11-12 19:11:32,smc4,Intel(R) Xeon(R) Platinum 8462Y+,4,psutil,2,4,200,3,0.074600,320437.737265,23904.655200,65,0.026219,112621.407954,8401.557033,35.146113,0.018769,80620.588348,6014.295891,25.159517,0.012213,52459.867094,3913.506085,16.371314,0.003532,15171.395282,1131.786088,4.734584
2025-11-12 19:11:32,smc4,Intel(R) Xeon(R) Platinum 8462Y+,4,psutil,2,4,200,4,0.075493,313585.545680,23673.513600,65,0.026718,110982.191852,8378.378609,35.391361,0.018441,76600.890783,5782.831048,24.427430,0.012861,53422.485568,4033.023703,17.036017,0.003548,14737.810341,1112.601516,4.699773
2025-11-12 19:11:32,smc4,Intel(R) Xeon(R) Platinum 8462Y+,4,psutil,2,4,200,5,0.078430,302986.061456,23763.196800,65,0.026464,102234.134010,8018.223130,33.742190,0.022350,86341.176508,6771.738474,28.496749,0.012369,47783.177281,3747.634594,15.770751,0.003484,13459.179372,1055.603438,4.442178
2025-11-12 19:11:32,smc4,Intel(R) Xeon(R) Platinum 8462Y+,4,psutil,3,9,500,1,0.615885,97043.914367,59767.891200,500,0.067492,10634.595531,6549.687868,10.958539,0.188839,29755.028528,18325.675745,30.661406,0.316502,49870.662518,30714.592985,51.389789,0.008649,1362.807692,839.332815,1.404321
2025-11-12 19:11:32,smc4,Intel(R) Xeon(R) Platinum 8462Y+,4,psutil,3,9,500,2,0.603675,99593.899366,60122.347200,500,0.067726,11173.390365,6745.096428,11.218951,0.183508,30275.027598,18276.277285,30.398476,0.306306,50534.159837,30506.208939,50.740216,0.008879,1464.851505,884.294232,1.470825
2025-11-12 19:11:32,smc4,Intel(R) Xeon(R) Platinum 8462Y+,4,psutil,3,9,500,3,0.617906,98820.036705,61061.493600,500,0.067871,10854.425610,6707.014711,10.984033,0.198166,31692.152841,19582.771394,32.070574,0.308796,49384.909767,30515.232054,49.974592,0.008685,1388.968579,858.252019,1.405554
2025-11-12 19:11:32,smc4,Intel(R) Xeon(R) Platinum 8462Y+,4,psutil,3,9,500,4,0.647933,96796.108240,62717.392800,500,0.071539,10687.365495,6924.696787,11.041111,0.196045,29287.585352,18976.393040,30.256986,0.334544,49978.249657,32382.557235,51.632499,0.009418,1406.975331,911.625747,1.453545
2025-11-12 19:11:32,smc4,Intel(R) Xeon(R) Platinum 8462Y+,4,psutil,3,9,500,5,0.616437,98060.041172,60447.837600,500,0.067953,10809.659345,6663.473978,11.023511,0.193219,30736.414419,18947.063095,31.344485,0.312448,49702.830531,30638.663744,50.686120,0.008575,1364.072651,840.864853,1.391059
2025-11-12 19:11:32,smc4,Intel(R) Xeon(R) Platinum 8462Y+,4,psutil,5,25,1000,1,4.472110,64178.899893,287015.100000,1000,0.219777,3154.002491,14105.046082,4.914392,0.494594,7097.879706,31742.498814,11.059522,3.672699,52706.615324,235709.781458,82.124523,0.016767,240.621902,1076.087615,0.374924
2025-11-12 19:11:32,smc4,Intel(R) Xeon(R) Platinum 8462Y+,4,psutil,5,25,1000,2,4.485445,68431.086274,306943.873770,1000,0.219550,3349.510470,15024.044991,4.894721,0.485053,7400.091561,33192.703690,10.813933,3.696051,56387.891247,252924.784853,82.400988,0.016217,247.410664,1109.746926,0.361547
2025-11-12 19:11:32,smc4,Intel(R) Xeon(R) Platinum 8462Y+,4,psutil,5,25,1000,3,4.537110,68153.766349,309221.134839,1000,0.223253,3353.573706,15215.532799,4.920599,0.518583,7789.845213,35343.384614,11.429809,3.710374,55735.030154,252875.962663,81.778357,0.016542,248.484080,1127.399603,0.364593
2025-11-12 19:11:32,smc4,Intel(R) Xeon(R) Platinum 8462Y+,4,psutil,5,25,1000,4,4.489269,72761.723604,326646.950164,1000,0.222692,3609.374656,16203.453753,4.960540,0.486100,7878.671081,35369.473844,10.828043,3.695710,59899.780909,268906.229542,82.323202,0.016503,267.479343,1200.786725,0.367610
2025-11-12 19:11:32,smc4,Intel(R) Xeon(R) Platinum 8462Y+,4,psutil,5,25,1000,5,4.499486,68422.141012,307864.465574,1000,0.223438,3397.745063,15288.106343,4.965856,0.488010,7421.000762,33390.689035,10.845906,3.702041,56295.668291,253301.571334,82.276976,0.016083,244.568667,1100.433294,0.357441
2025-11-12 19:11:33,smc4,Intel(R) Xeon(R) Platinum 8462Y+,4,psutil,9,81,5000,1,126.214085,64170.985475,8099282.215213,5000,3.005848,1528.262304,192888.228347,2.381547,7.966967,4050.642396,511248.123633,6.312265,114.789415,58362.344287,7366149.882592,90.948181,0.092591,47.076011,5941.655716,0.073360
2025-11-12 19:11:33,smc4,Intel(R) Xeon(R) Platinum 8462Y+,4,psutil,9,81,5000,2,124.520655,63465.993071,7902827.027459,5000,2.935631,1496.239613,186312.736706,2.357545,7.779116,3964.878936,493709.322157,6.247250,113.355532,57775.325776,7194221.408501,91.033517,0.100286,51.114015,6364.750581,0.080538
2025-11-12 19:11:33,smc4,Intel(R) Xeon(R) Platinum 8462Y+,4,psutil,9,81,5000,3,124.317910,63319.065160,7871693.843864,5000,2.927531,1491.084641,185368.526147,2.354875,7.733051,3938.688803,489649.560156,6.220384,113.219965,57666.528831,7168982.341266,91.072931,0.092915,47.324564,5883.290939,0.074740
2025-11-12 19:11:33,smc4,Intel(R) Xeon(R) Platinum 8462Y+,4,psutil,9,81,5000,4,124.248774,63482.341314,7887603.078908,5000,2.950216,1507.351848,187286.619062,2.374443,7.668304,3917.961330,486801.891827,6.171734,113.184131,57829.090816,7185193.635465,91.094767,0.099613,50.895202,6323.666465,0.080172
2025-11-12 19:11:34,smc4,Intel(R) Xeon(R) Platinum 8462Y+,4,psutil,9,81,5000,5,124.236228,63323.016573,7867012.724633,5000,2.945856,1501.498326,186540.488310,2.371173,7.768396,3959.539633,491918.268655,6.252923,113.078245,57635.809598,7160455.582201,91.018736,0.098938,50.428548,6265.052614,0.079637
2025-11-12 19:11:37,smc4,Intel(R) Xeon(R) Platinum 8462Y+,4,psutil,13,169,7500,1,560.626744,63319.321000,35498504.764785,7500,9.576450,1081.600759,606374.311595,1.708169,21.796864,2461.820887,1380162.628420,3.887946,528.548849,59696.321291,33467354.234260,94.278208,0.167233,18.887932,10589.080009,0.029830
2025-11-12 19:11:38,smc4,Intel(R) Xeon(R) Platinum 8462Y+,4,psutil,13,169,7500,2,559.997102,63491.305549,35554947.109749,7500,9.648272,1093.900992,612581.385574,1.722915,20.753922,2353.036468,1317693.603046,3.706077,528.889465,59964.386430,33579882.624068,94.445036,0.164874,18.693071,10468.065511,0.029442
2025-11-12 19:11:38,smc4,Intel(R) Xeon(R) Platinum 8462Y+,4,psutil,13,169,7500,3,558.535362,63399.082069,35410629.253871,7500,9.610798,1090.917089,609315.771150,1.720714,20.586202,2336.729953,1305146.310087,3.685747,527.631560,59891.206270,33451356.574629,94.466993,0.172390,19.567907,10929.367758,0.030865
2025-11-12 19:11:39,smc4,Intel(R) Xeon(R) Platinum 8462Y+,4,psutil,13,169,7500,4,562.348406,63376.440970,35639640.557164,7500,9.486104,1069.080136,601195.510187,1.686873,22.052647,2485.324518,1397618.280817,3.921527,530.103990,59742.508152,33596104.229944,94.266114,0.165023,18.598026,10458.570418,0.029345
2025-11-12 19:11:39,smc4,Intel(R) Xeon(R) Platinum 8462Y+,4,psutil,13,169,7500,5,569.013764,64394.358877,36641276.524752,7500,9.607254,1087.237253,618652.961895,1.688405,20.912907,2366.679549,1346673.238511,3.675290,537.785626,60860.321473,34630360.599332,94.511884,0.167800,18.989652,10805.373419,0.029490
2025-11-12 19:11:54,smc4,Intel(R) Xeon(R) Platinum 8462Y+,4,psutil,19,361,10000,1,2463.944202,63315.139025,156004969.698534,10000,27.668775,710.995133,1751852.335766,1.122946,41.357644,1062.753360,2618564.979591,1.678514,2393.917818,61515.694770,151571239.460183,97.157956,0.279608,7.184992,17703.419392,0.011348
2025-11-12 19:11:57,smc4,Intel(R) Xeon(R) Platinum 8462Y+,4,psutil,19,361,10000,2,2470.813347,63373.558954,156584235.309848,10000,27.551002,706.651942,1746005.049482,1.115058,42.557360,1091.547998,2697011.362877,1.722403,2399.706935,61549.760164,152077968.916975,97.122146,0.276561,7.093476,17526.654838,0.011193
2025-11-12 19:11:59,smc4,Intel(R) Xeon(R) Platinum 8462Y+,4,psutil,19,361,10000,3,2467.779156,63660.811186,157100822.897890,10000,27.310718,704.529195,1738622.461941,1.106692,41.360267,1066.962634,2633028.148073,1.676012,2398.106106,61863.469284,152665380.017115,97.176690,0.274732,7.087207,17489.661979,0.011133
2025-11-12 19:12:01,smc4,Intel(R) Xeon(R) Platinum 8462Y+,4,psutil,19,361,10000,4,2459.681905,63412.381454,155974287.214734,10000,27.801706,716.748122,1762972.385937,1.130297,41.969194,1081.996226,2661366.539234,1.706285,2388.913834,61587.929315,151486715.301736,97.122877,0.274730,7.082738,17421.283557,0.011169
2025-11-12 19:12:04,smc4,Intel(R) Xeon(R) Platinum 8462Y+,4,psutil,19,361,10000,5,2485.088382,63997.713356,159039973.935819,10000,27.574175,710.109210,1764684.147681,1.109585,43.074448,1109.282952,2756666.176076,1.733317,2413.428733,62152.284554,154453920.259918,97.116414,0.279962,7.209775,17916.927827,0.011266
